Raw data,,,,,,,,,,,,,,,,,,,,,,,,,,,,,,,,,,,,,,,,,,,,,,,,,,,,,,,,,,,,,,,,,,,,,,,,,,,,,,,,
,,,,,,,,,,,,,,,,,,,,,,,,,,,,,,,,,,,,,,,,,,,,,,,,,,,,,,,,,,,,,,,,,,,,,,,,,,,,,,,,
,,,,,,,,,,,,,,,,,,,,,,,,,,,,,,,,,,,,,,,,,,,,,,,,,,,,,,,,,,,,,,,,,,,,,,,,,,,,,,,,
,PA,,,,,,,,,,,,,,,,,,,,,,,,,,,,,,,,,,,,,,,,Z,,,,,,,,,,,,,,,,,,,,,,,,,,,,,,,,,,,,,,,
,without ricin,,,,,,,,,,,,,,,,,,,,with ricin,,,,,,,,,,,,,,,,,,,,without ricin,,,,,,,,,,,,,,,,,,,,with ricin,,,,,,,,,,,,,,,,,,,
,100Hz,,,,,400Hz,,,,,1kHz,,,,,10kHz,,,,,100Hz,,,,,400Hz,,,,,1kHz,,,,,10kHz,,,,,100Hz,,,,,400Hz,,,,,1kHz,,,,,10kHz,,,,,100Hz,,,,,400Hz,,,,,1kHz,,,,,10kHz,,,,
,0min,5min,10min,15min,20min,0min,5min,10min,15min,20min,0min,5min,10min,15min,20min,0min,5min,10min,15min,20min,0min,5min,10min,15min,20min,0min,5min,10min,15min,20min,0min,5min,10min,15min,20min,0min,5min,10min,15min,20min,0min,5min,10min,15min,20min,0min,5min,10min,15min,20min,0min,5min,10min,15min,20min,0min,5min,10min,15min,20min,0min,5min,10min,15min,20min,0min,5min,10min,15min,20min,0min,5min,10min,15min,20min,0min,5min,10min,15min,20min
Yoghurt (diluted half with water),-69.2,-69.48,-69.46,-69.51,-69.45,-43.43,-43.69,-43.77,-43.79,-43.77,-24.77,-25.03,-25.07,-25.11,-25.12,-4.344,-4.391,-4.458,-4.39,-4.421,-69.69,-69.84,-69.79,-69.61,-69.73,-43.88,-44.12,-44.18,-44.16,-44.18,-24.81,-24.95,-24.97,-24.88,-24.97,-4.198,-4.199,-4.301,-4.291,-4.323,669.1,672.5,673.8,674.4,674.8,255.4,255.9,256.2,256.3,256.4,188.3,188.2,188.2,188.5,188.5,155.3,154.5,154.2,154.3,154.5,679,683.1,685.1,685.6,686.2,256.4,257,257.4,257.7,257.8,188.5,188.4,188.4,188.8,188.6,157.1,156.8,156.7,156.7,156.9
Cream,-63.55,-64.54,-64.9,-65.29,-65.35,-38.24,-38.51,-38.72,-38.9,-39.05,-21.4,-21.06,-21.1,-21.24,-21.28,-3.777,-3.579,-3.58,-3.544,-3.59,-63.11,-64,-64.55,-64.94,-65.14,-35.84,-36.34,-36.77,-37.18,-37.58,-19.73,-19.71,-19.87,-20.06,-20.27,-3.247,-3.269,-3.253,-3.321,-3.284,912.4,914,915.5,915,916,386.5,382.8,380.9,379.4,378.2,299.6,297.2,295.5,293.9,292.5,254.8,256.2,255.2,254.3,253.6,721.6,721.1,720.6,720,720.1,319.8,315.1,311.9,309.1,306.6,254.3,250.3,247.1,244.2,240.8,222.2,219.7,216.7,214.4,211.1
Milk 0% fat,-72.14,-72.73,-72.98,-73.12,-73.18,-52.64,-53.2,-53.45,-53.63,-53.73,-33.21,-33.61,-33.85,-34.01,-34.04,-5.711,-5.774,-5.756,-5.836,-5.823,-70.79,-71.13,-71.32,-71.51,-71.61,-49.04,-49.4,-49.56,-49.68,-49.78,-29.38,-29.6,-29.81,-29.99,-30.02,-4.852,-4.936,-4.925,-4.889,-4.931,704.6,716.5,721.7,726.2,729.1,239.5,241.5,242.6,243.5,244.2,153.8,154.1,154.3,154.8,154.9,114.9,115,114.9,114.7,114.8,597.7,603.5,606,607.9,610,212.8,213.9,214.4,214.9,215.4,144.2,144.2,144.5,144.7,144.6,114.7,114.3,114.1,114.2,114
Milk 1% fat,-73.71,-73.98,-74.31,-74.31,-74.54,-56.37,-56.8,-57.03,-57.14,-57.21,-37.54,-37.99,-38.11,-38.21,-38.24,-7.13,-7.153,-7.236,-7.274,-7.204,-73.79,-74.23,-74.42,-74.72,-74.84,-56.04,-56.58,-56.83,-56.98,-57.05,-36.54,-36.98,-37.15,-37.34,-37.43,-6.688,-6.81,-6.802,-6.9,-6.842,824.6,832.7,837.2,840.8,842.3,271.5,272.5,273.2,273.9,274.6,164.6,164.7,164.3,164.6,164.7,113.5,112.9,112.5,112.4,112.4,825.7,837,843,845.8,848,269.2,271,272,272.7,273.2,165.1,164.8,164.6,165,165.2,116.9,116.3,116,116,115.9
Milk 2% fat,-72,-72.48,-72.62,-72.77,-72.8,-51.37,-52.19,-52.61,-52.84,-52.98,-31.81,-32.33,-32.9,-33.11,-33.21,-5.249,-5.477,-5.509,-5.572,-5.603,-71.85,-72.25,-72.41,-72.57,-72.53,-50.02,-50.62,-50.84,-50.98,-51.04,-30.56,-31.17,-31.32,-31.43,-31.58,-5.496,-5.586,-5.643,-5.664,-5.717,679.6,691.4,697.8,701.3,703.9,235,236.2,237.3,238,238.6,153.9,152.9,152.8,152.7,152.8,118.1,116.7,115.8,115.2,115.2,646.7,657.6,663.4,666.7,670,225.7,228,229.5,230.7,231.5,151.8,152.2,152.6,153,153.4,116.6,115.8,116,116,116.2
Milk 3.4% fat,-69.03,-69.81,-70,-70.13,-70.3,-45.65,-46.44,-46.8,-47.02,-47.17,-26.66,-27.31,-27.57,-27.74,-27.92,-4.527,-4.572,-4.607,-4.639,-4.714,-69.97,-70.43,-70.54,-70.74,-70.84,-46.66,-47.27,-47.63,-47.87,-48.02,-27.4,-27.83,-28.18,-28.42,-28.36,-4.442,-4.534,-4.58,-4.631,-4.64,570.8,576.7,579.1,581,582.2,213.5,212.9,212.6,212.5,212.6,151.3,149.8,148.8,148.1,148.3,123.4,121.4,120.2,119.6,119.1,586.2,591.9,595.2,597.7,599.4,214.7,214.9,214.9,215.2,215.4,150.9,149.8,148.9,148.5,148.6,122.6,121.1,120.3,119.5,119
Half and half,-65.08,-66.14,-66.88,-67.33,-67.64,-42.31,-43.45,-44.61,-45.2,-45.67,-25.42,-25.92,-26.93,-27.4,-27.74,-4.59,-4.654,-4.827,-4.925,-4.969,-65.32,-66.76,-67.38,-67.84,-68.17,-39.23,-40.93,-41.84,-42.46,-42.82,-21.47,-22.63,-23.33,-23.87,-24.13,-3.613,-3.886,-4.011,-4.157,-4.159,687.4,680.6,677.4,672.8,671.2,279.4,270,263.5,259.4,256.8,203.3,194.7,187.1,182.7,180,163.8,158.5,149.9,145.3,142,564.8,562.4,561.4,560.5,560.4,233.5,225.6,221.9,219.4,218,180.1,170.7,166.2,162.9,160.7,156,146.8,141.2,137.5,135.4
Apple juice,-63.35,-63.88,-64.18,-64.44,-64.66,-34.83,-35.19,-35.48,-35.74,-35.96,-18.85,-18.97,-19.11,-19.24,-19.38,-3.07,-2.964,-2.935,-2.982,-2.928,-63.03,-63.29,-63.51,-63.45,-63.55,-34.52,-34.72,-34.8,-34.83,-34.85,-17.94,-18.06,-18.06,-18.03,-17.99,-2.626,-2.568,-2.578,-2.664,-2.639,754.2,769.2,775,778.3,780,340.2,344.4,344.8,344.2,343.2,274.1,277.3,277,275.9,274.7,241.1,245.4,245.1,244.2,242.7,699,701.5,701.1,701.5,701.3,313.5,313,312.3,311.7,311.3,255.5,255,253.7,254,253.4,230.3,229.7,229.2,229.7,229.5
Cranberry juice,-50.27,-50.31,-50.31,-50.23,-50.17,-22.04,-22.03,-21.98,-21.87,-21.8,-10.7,-10.73,-10.66,-10.6,-10.58,-1.561,-1.586,-1.625,-1.628,-1.59,-46.98,-46.94,-45.76,-45.9,-46.02,-19.13,-19.06,-18.25,-18.3,-18.34,-9.139,-9.175,-8.632,-8.766,-8.644,-1.513,-1.387,-1.391,-1.451,-1.277,1013,1015,1011,1004,999.2,609.7,611,608.9,606.3,603.9,550.3,551.8,550.9,548.3,547.5,522,525.3,524.6,523,523.4,821,827.4,844,842.4,840.8,531.7,537.4,560,558.3,556.5,491,496,520.9,518.5,517.2,469.2,475.9,500,499.6,497.9
Grape juice,-56.73,-57.19,-57.33,-57.48,-57.66,-26.78,-27.14,-27.33,-27.41,-27.46,-13.07,-13.1,-13.14,-13.23,-13.24,-1.921,-1.872,-1.808,-1.768,-1.838,-61.35,-61.3,-61.37,-61.41,-61.54,-31.59,-31.75,-31.79,-31.75,-31.7,-15.97,-16.05,-16,-15.88,-15.81,-2.301,-2.285,-2.281,-2.146,-2.203,570.7,574.1,575.6,575.4,575,299.6,298.7,297.6,296.6,295.8,262.9,261.5,260.4,259.4,259,247.1,246.9,245.4,245.1,244.6,660.8,663.4,663.2,662.7,661.3,312.7,312,311.2,310.7,310.3,262.6,261.5,261.3,260.8,260.8,241.3,241.6,240.8,241.4,241.3
Tomato juice,-81.06,-80.91,-81.29,-81.29,-81.17,-73.62,-73.87,-73.97,-74.09,-74.01,-61.29,-61.74,-61.82,-61.84,-61.89,-16.38,-16.57,-16.69,-16.67,-16.68,-80.26,-80.44,-80.47,-80.4,-80.4,-69.76,-70.04,-70.1,-70.14,-70.14,-54.04,-54.32,-54.62,-54.69,-54.69,-12.48,-12.57,-12.58,-12.58,-12.58,730.5,737.3,740.2,742.5,743.6,206.2,207.8,208.6,209.1,209.5,96.42,96.43,96.53,96.54,96.71,38.41,38.23,38.13,38.03,37.99,567.3,574.2,576.5,578.4,578.4,162.6,164.6,165.2,165.7,165.7,80.56,81.12,81.39,81.36,81.36,40.09,40.1,40.04,40,40
Orange juice,-71.58,-71.78,-71.94,-72.05,-72.13,-45.83,-46.05,-46.28,-46.47,-46.64,-25.8,-26.02,-26.08,-26.28,-26.34,-4.143,-4.164,-4.188,-4.219,-4.239,-70.13,-70.71,-70.95,-70.96,-70.97,-43.85,-44.45,-44.76,-44.85,-44.9,-24.43,-24.92,-25.1,-25.27,-25.23,-3.816,-3.825,-3.887,-3.822,-3.886,682.6,693.1,697.2,699.2,700.3,248.1,251.5,252.3,252.3,252.1,178.4,180.7,181.1,180.4,180.1,148,150.9,150.9,150.1,149.7,631.9,643.5,649.3,650.6,651.2,238.6,240.6,241.6,241.8,241.9,175.3,176,175.8,176,175.9,147.8,148.2,148.2,147.8,147.8
Vege soup,-79.5,-79.7,-79.67,-79.76,-79.74,-68.96,-69.41,-69.61,-69.82,-69.96,-53.72,-54.21,-54.44,-54.72,-54.92,-12.08,-12.1,-12.15,-12.27,-12.19,-79.39,-79.42,-79.52,-79.42,-79.46,-68.37,-68.7,-68.89,-69.02,-69.14,-52.02,-52.59,-52.81,-53.17,-53.29,-11.01,-11.04,-11.15,-11.19,-11.14,586.3,594.2,598.7,602.1,605,170.8,172.4,173.3,174.1,174.8,85.36,85.4,85.65,85.72,86.09,42.74,42.49,42.35,42.23,42.12,589.5,598.2,603.1,606.9,609.8,171.6,174,175.2,176.1,176.7,86.35,87.14,87.57,87.64,87.74,45.87,45.83,45.67,45.65,45.56
Beef broth,-77.9,-78.41,-78.6,-78.71,-78.7,-70.94,-71.46,-71.64,-71.67,-71.74,-57.32,-57.79,-58.2,-58.32,-58.33,-13.28,-13.65,-13.73,-13.72,-13.79,-78.32,-78.73,-78.8,-79.03,-78.97,-70.83,-71.21,-71.37,-71.47,-71.56,-56.86,-57.27,-57.43,-57.57,-57.55,-12.57,-12.65,-12.66,-12.73,-12.64,583,592.4,597.5,600.1,602.2,166.4,168.6,170,171,171.6,79.77,80.54,80.9,81.29,81.65,36.03,36.03,35.94,35.92,35.93,592.1,599.7,603.4,606.4,609.1,170.1,171.8,172.7,173.5,174.1,81.46,82.2,82.24,82.5,82.71,38.19,38.2,38.2,38.24,38.27
Chicken broth,-78.59,-79.38,-79.26,-79.37,-79.57,-73.87,-74.21,-74.24,-74.32,-74.38,-63.35,-63.35,-63.69,-63.85,-64.04,-17.88,-18.06,-18.19,-18.36,-18.21,-79.04,-79.63,-79.71,-79.78,-79.69,-71.19,-71.49,-71.56,-71.64,-71.65,-57.04,-57.44,-57.68,-57.89,-58.01,-13.89,-14.11,-14.12,-14.15,-14.31,803.2,811.8,815.7,820.3,823.7,226.8,230.1,231.9,233.9,235,103.7,105.6,106.1,106.9,107.2,38.26,38.29,38.19,38.19,38.18,620.3,628.3,632.3,635.3,638,176.2,178.5,179.9,180.8,181.7,84.51,85.56,86.07,86.54,86.95,38.56,38.49,38.52,38.57,38.61
Tomato paste (diluted half with water),-78.43,-78.55,-78.52,-78.47,-78.65,-63.16,-63.56,-63.76,-63.88,-64.07,-43.35,-43.89,-44.23,-44.36,-44.57,-8.005,-8.12,-8.126,-8.216,-8.232,-73.21,-73.21,-73.16,-73.18,-73.17,-56.81,-57.12,-57.3,-57.41,-57.53,-38.2,-38.83,-38.99,-39.18,-39.32,-7.295,-7.436,-7.431,-7.438,-7.468,588,595.6,599,600.9,602.8,175.4,177.3,178,178.3,178.7,96.87,97.35,97.52,97.36,97.49,62.9,62.73,62.51,62.33,62.09,464,469.7,472.9,474.9,477,154.5,156.2,157.2,157.8,158.3,92.17,92.56,92.93,93.03,93.21,63.4,63.29,63.2,63.19,63.09
Soy bean milk,-65.26,-66.39,-66.74,-66.86,-67.01,-38.21,-39.02,-39.29,-39.44,-39.58,-20.41,-20.98,-20.97,-21.13,-21.2,-3.107,-3.067,-3.055,-3.178,-3.082,-67.79,-68.21,-68.32,-68.33,-68.64,-42.69,-43.04,-43.19,-43.28,-43.38,-23.63,-23.74,-23.85,-23.85,-23.94,-3.504,-3.476,-3.43,-3.455,-3.545,600.6,613.6,617.2,619.8,621.6,249.9,251.4,251.7,251.9,252,195.1,195.2,194.6,195.1,194.6,171.4,171.7,171.4,171.3,171.1,695,700.4,703,704.8,705.8,269.8,269.9,269.9,269.9,269.9,199.8,199.5,198.7,198.8,198.9,171.7,171.5,171.1,171.2,171.1
Tap water,-14.35,-14.36,-14.38,-14.46,-14.49,-4.555,-4.567,-4.57,-4.6,-4.613,-2.082,-2.033,-2.072,-2.158,-2.121,-0.2429,-0.2478,-0.3465,-0.2534,-0.3515,-21.32,-21.6,-21.73,-21.84,-21.87,-6.722,-6.809,-6.853,-6.896,-6.91,-3.021,-3.07,-3.088,-3.129,-3.102,-0.2997,-0.3593,-0.3688,-0.3554,-0.3154,2280,2263,2260,2250,2246,2140,2121,2119,2108,2104,2117,2098,2098,2084,2078,2095,2076,2077,2067,2068,1347,1344,1342,1339,1340,1211,1209,1206,1202,1203,1191,1188,1185,1183,1183,1178,1177,1173,1169,1168
,,,,,,,,,,,,,,,,,,,,,,,,,,,,,,,,,,,,,,,,,,,,,,,,,,,,,,,,,,,,,,,,,,,,,,,,,,,,,,,,
,,,,,,,,,,,,,,,,,,,,,,,,,,,,,,,,,,,,,,,,,,,,,,,,,,,,,,,,,,,,,,,,,,,,,,,,,,,,,,,,
,,,,,,,,,,,,,,,,,,,,,,,,,,,,,,,,,,,,,,,,,,,,,,,,,,,,,,,,,,,,,,,,,,,,,,,,,,,,,,,,
Normalized,,,,,,,,,,,,,,,,,,,,,,,,,,,,,,,,,,,,,,,,,,,,,,,,,,,,,,,,,,,,,,,,,,,,,,,,,,,,,,,,
,,,,,,,,,,,,,,,,,,,,,,,,,,,,,,,,,,,,,,,,,,,,,,,,,,,,,,,,,,,,,,,,,,,,,,,,,,,,,,,,
,PA,,,,,,,,,,,,,,,,,,,,,,,,,,,,,,,,,,,,,,,,Z,,,,,,,,,,,,,,,,,,,,,,,,,,,,,,,,,,,,,,,
,without ricin,,,,,,,,,,,,,,,,,,,,with ricin,,,,,,,,,,,,,,,,,,,,without ricin,,,,,,,,,,,,,,,,,,,,with ricin,,,,,,,,,,,,,,,,,,,
,100Hz,,,,,400Hz,,,,,1kHz,,,,,10kHz,,,,,100Hz,,,,,400Hz,,,,,1kHz,,,,,10kHz,,,,,100Hz,,,,,400Hz,,,,,1kHz,,,,,10kHz,,,,,100Hz,,,,,400Hz,,,,,1kHz,,,,,10kHz,,,,
,0min,5min,10min,15min,20min,0min,5min,10min,15min,20min,0min,5min,10min,15min,20min,0min,5min,10min,15min,20min,0min,5min,10min,15min,20min,0min,5min,10min,15min,20min,0min,5min,10min,15min,20min,0min,5min,10min,15min,20min,0min,5min,10min,15min,20min,0min,5min,10min,15min,20min,0min,5min,10min,15min,20min,0min,5min,10min,15min,20min,0min,5min,10min,15min,20min,0min,5min,10min,15min,20min,0min,5min,10min,15min,20min,0min,5min,10min,15min,20min
Yoghurt (diluted half with water),1,1.004046243,1.003757225,1.004479769,1.003612717,1,1.005986645,1.00782869,1.008289201,1.00782869,1,1.010496568,1.012111425,1.013726282,1.014129996,1,1.010819521,1.026243094,1.010589319,1.017725599,1,1.002152389,1.001434926,0.998852059,1.00057397,1,1.005469462,1.006836828,1.006381039,1.006836828,1,1.005642886,1.006449012,1.002821443,1.006449012,1,1.000238209,1.024535493,1.022153406,1.029776084,1,1.005081453,1.007024361,1.007921088,1.008518906,1,1.001957713,1.003132341,1.003523884,1.003915427,1,0.999468933,0.999468933,1.001062135,1.001062135,1,0.99484868,0.992916935,0.99356085,0.99484868,1,1.006038292,1.0089838,1.009720177,1.010603829,1,1.002340094,1.003900156,1.005070203,1.005460218,1,0.999469496,0.999469496,1.001591512,1.000530504,1,0.998090388,0.997453851,0.997453851,0.998726926
Cream,1,1.015578285,1.021243116,1.027380016,1.028324154,1,1.007060669,1.012552301,1.017259414,1.021182008,1,0.98411215,0.985981308,0.992523364,0.994392523,1,0.947577442,0.947842203,0.938310829,0.950489807,1,1.014102361,1.022817303,1.028996989,1.032166059,1,1.013950893,1.025948661,1.037388393,1.048549107,1,0.998986315,1.007095793,1.016725798,1.027369488,1,1.006775485,1.00184786,1.022790268,1.011395134,1,1.001753617,1.003397633,1.002849627,1.003945638,1,0.990426908,0.985510996,0.981630013,0.978525226,1,0.991989319,0.986315087,0.980974633,0.976301736,1,1.005494505,1.001569859,0.998037677,0.995290424,1,0.999307095,0.998614191,0.997782705,0.997921286,1,0.985303315,0.975297061,0.966541588,0.958724203,1,0.984270547,0.971686984,0.96028313,0.946913095,1,0.988748875,0.975247525,0.96489649,0.950045005
Milk 0% fat,1,1.008178542,1.011644026,1.013584696,1.014416413,1,1.010638298,1.015387538,1.018806991,1.020706687,1,1.012044565,1.019271304,1.02408913,1.024992472,1,1.011031343,1.007879531,1.021887585,1.019611276,1,1.004802938,1.007486933,1.010170928,1.011583557,1,1.007340946,1.010603589,1.013050571,1.015089723,1,1.007488087,1.014635807,1.020762423,1.021783526,1,1.017312448,1.015045342,1.007625721,1.016281946,1,1.016889015,1.024269089,1.030655691,1.034771502,1,1.008350731,1.012943633,1.016701461,1.019624217,1,1.001950585,1.003250975,1.006501951,1.007152146,1,1.000870322,1,0.998259356,0.999129678,1,1.009703865,1.013886565,1.017065417,1.020578886,1,1.005169173,1.007518797,1.009868421,1.012218045,1,1,1.002080444,1.003467406,1.002773925,1,0.996512642,0.994768963,0.995640802,0.993897123
Milk 1% fat,1,1.003663004,1.008140008,1.008140008,1.011260345,1,1.007628171,1.011708356,1.013659748,1.014901543,1,1.011987214,1.015183804,1.017847629,1.018646777,1,1.003225806,1.01486676,1.020196353,1.010378682,1,1.005962868,1.008537742,1.012603334,1.01422957,1,1.009635974,1.014097074,1.016773733,1.018022841,1,1.012041598,1.016694034,1.021893815,1.024356869,1,1.018241627,1.017045455,1.031698565,1.023026316,1,1.009822944,1.015280136,1.019645889,1.021464953,1,1.003683241,1.00626151,1.008839779,1.011418048,1,1.000607533,0.9981774,1,1.000607533,1,0.994713656,0.991189427,0.99030837,0.99030837,1,1.013685358,1.02095192,1.024342982,1.027007388,1,1.006686478,1.010401189,1.013001486,1.014858841,1,0.998182919,0.996971532,0.999394306,1.000605694,1,0.994867408,0.992301112,0.992301112,0.99144568
Milk 2% fat,1,1.006666667,1.008611111,1.010694444,1.011111111,1,1.015962624,1.024138602,1.028615924,1.03134125,1,1.016347061,1.034265954,1.040867652,1.044011317,1,1.043436845,1.049533244,1.061535531,1.067441417,1,1.005567154,1.007794015,1.010020877,1.009464161,1,1.011995202,1.016393443,1.019192323,1.020391843,1,1.019960733,1.02486911,1.028468586,1.033376963,1,1.016375546,1.026746725,1.030567686,1.040211063,1,1.017363155,1.026780459,1.031930547,1.035756327,1,1.005106383,1.009787234,1.012765957,1.015319149,1,0.993502274,0.992852502,0.992202729,0.992852502,1,0.988145639,0.980524979,0.975444539,0.975444539,1,1.016854801,1.025823411,1.030926241,1.036029071,1,1.010190518,1.016836509,1.022153301,1.025697829,1,1.002635046,1.005270092,1.007905138,1.010540184,1,0.993138937,0.994854202,0.994854202,0.996569468
Milk 3.4% fat,1,1.011299435,1.014051862,1.015935101,1.018397798,1,1.017305586,1.025191676,1.030010953,1.033296824,1,1.024381095,1.034133533,1.040510128,1.047261815,1,1.009940358,1.017671747,1.024740446,1.041307709,1,1.006574246,1.008146348,1.011004716,1.0124339,1,1.013073296,1.020788684,1.025932276,1.029147021,1,1.015693431,1.028467153,1.037226277,1.035036496,1,1.020711391,1.031067087,1.042548402,1.044574516,1,1.01033637,1.014540995,1.017869657,1.019971969,1,0.997189696,0.995784543,0.995316159,0.995784543,1,0.990085922,0.983476537,0.978849967,0.980171844,1,0.983792545,0.974068071,0.969205835,0.965153971,1,1.009723644,1.015353122,1.019617878,1.022517912,1,1.000931532,1.000931532,1.002328831,1.003260363,1,0.992710404,0.98674619,0.984095427,0.984758118,1,0.98776509,0.981239804,0.974714519,0.970636215
Half and half,1,1.016287646,1.027658267,1.034572833,1.039336202,1,1.026943985,1.054360671,1.068305365,1.07941385,1,1.019669552,1.059402046,1.077891424,1.091266719,1,1.013943355,1.051633987,1.072984749,1.082570806,1,1.022045315,1.031537048,1.038579302,1.043631353,1,1.043334183,1.066530716,1.082334948,1.091511598,1,1.054028878,1.08663251,1.111783884,1.123893805,1,1.075560476,1.110157764,1.150567396,1.151120952,1,0.990107652,0.985452429,0.978760547,0.976432936,1,0.966356478,0.943092341,0.928418039,0.919112384,1,0.957697983,0.920314806,0.898671913,0.885391048,1,0.967643468,0.915140415,0.887057387,0.866910867,1,0.995750708,0.99398017,0.992386686,0.992209632,1,0.966167024,0.950321199,0.939614561,0.933618844,1,0.947806774,0.922820655,0.904497501,0.892282066,1,0.941025641,0.905128205,0.881410256,0.867948718
Apple juice,1,1.008366219,1.013101815,1.017205998,1.020678769,1,1.010335917,1.018662073,1.026126902,1.032443296,1,1.006366048,1.013793103,1.020689655,1.028116711,1,0.965472313,0.956026059,0.971335505,0.953745928,1,1.00412502,1.007615421,1.006663494,1.00825004,1,1.005793743,1.00811124,1.008980301,1.009559676,1,1.006688963,1.006688963,1.005016722,1.002787068,1,0.977913176,0.981721249,1.014470678,1.004950495,1,1.019888624,1.027578892,1.031954389,1.034208433,1,1.012345679,1.013521458,1.01175779,1.008818342,1,1.011674571,1.01058008,1.006566946,1.002188982,1,1.017834923,1.016590626,1.012857735,1.006636251,1,1.003576538,1.003004292,1.003576538,1.003290415,1,0.998405104,0.996172249,0.994258373,0.992982456,1,0.998043053,0.99295499,0.994129159,0.991780822,1,0.997394703,0.995223621,0.997394703,0.99652627
Cranberry juice,1,1.000795703,1.000795703,0.999204297,0.998010742,1,0.999546279,0.997277677,0.992286751,0.989110708,1,1.002803738,0.996261682,0.990654206,0.988785047,1,1.016015375,1.040999359,1.042921204,1.018577835,1,0.999148574,0.974031503,0.977011494,0.979565773,1,0.996340826,0.953998955,0.95661265,0.958703607,1,1.003939162,0.944523471,0.959185907,0.945836525,1,0.916721745,0.919365499,0.959021811,0.844018506,1,1.001974334,0.998025666,0.991115499,0.986377098,1,1.002132196,0.998687879,0.994423487,0.990487125,1,1.002725786,1.001090314,0.996365619,0.994911866,1,1.006321839,1.004980843,1.001915709,1.002681992,1,1.007795371,1.028014616,1.026065773,1.024116931,1,1.010720331,1.053225503,1.050028211,1.046642844,1,1.010183299,1.06089613,1.056008147,1.053360489,1,1.014279625,1.065643649,1.064791134,1.061167945
Grape juice,1,1.008108585,1.010576415,1.013220518,1.016393443,1,1.013442868,1.020537715,1.023525019,1.025392084,1,1.002295333,1.005355777,1.012241775,1.013006886,1,0.974492452,0.941176471,0.920353982,0.956793337,1,0.999185004,1.000325998,1.000977995,1.003096985,1,1.005064894,1.006331117,1.005064894,1.003482115,1,1.005009393,1.001878522,0.994364433,0.989981215,1,0.993046502,0.991308127,0.932637983,0.957409822,1,1.005957596,1.008585947,1.0082355,1.007534607,1,0.996995995,0.993324433,0.989986649,0.987316422,1,0.994674781,0.990490681,0.986686953,0.985165462,1,0.999190611,0.993120194,0.991906111,0.989882639,1,1.003934625,1.003631961,1.002875303,1.000756659,1,0.997761433,0.99520307,0.993604093,0.992324912,1,0.99581112,0.995049505,0.993145468,0.993145468,1,1.001243266,0.997927891,1.000414422,1
Tomato juice,1,0.998149519,1.002837404,1.002837404,1.001357019,1,1.003395816,1.004754143,1.006384135,1.005297474,1,1.007342144,1.008647414,1.008973731,1.009789525,1,1.011599512,1.018925519,1.017704518,1.018315018,1,1.002242711,1.002616496,1.001744331,1.001744331,1,1.004013761,1.004873853,1.005447248,1.005447248,1,1.005181347,1.010732791,1.012028127,1.012028127,1,1.007211538,1.008012821,1.008012821,1.008012821,1,1.009308693,1.013278576,1.016427105,1.017932923,1,1.007759457,1.011639185,1.014064016,1.01600388,1,1.000103713,1.001140842,1.001244555,1.003007675,1,0.99531372,0.992710232,0.990106743,0.989065348,1,1.012162877,1.016217169,1.019566367,1.019566367,1,1.012300123,1.01599016,1.019065191,1.019065191,1,1.006951341,1.01030288,1.009930487,1.009930487,1,1.000249439,0.998752806,0.997755051,0.997755051
Orange juice,1,1.002794077,1.005029338,1.00656608,1.007683711,1,1.004800349,1.009818896,1.013964652,1.017674013,1,1.008527132,1.010852713,1.018604651,1.020930233,1,1.005068791,1.010861694,1.018344195,1.023171615,1,1.008270355,1.011692571,1.011835163,1.011977756,1,1.01368301,1.020752566,1.022805017,1.023945268,1,1.020057307,1.027425297,1.034383954,1.032746623,1,1.002358491,1.01860587,1.001572327,1.018343816,1,1.015382362,1.021388808,1.024318781,1.025930267,1,1.013704152,1.016928658,1.016928658,1.016122531,1,1.012892377,1.015134529,1.011210762,1.009529148,1,1.019594595,1.019594595,1.014189189,1.011486486,1,1.018357335,1.027536003,1.02959329,1.030542807,1,1.00838223,1.012573345,1.013411567,1.013830679,1,1.003993155,1.002852253,1.003993155,1.003422704,1,1.00270636,1.00270636,1,1
Vege soup,1,1.002515723,1.002138365,1.00327044,1.003018868,1,1.006525522,1.009425754,1.012470998,1.01450116,1,1.00912137,1.013402829,1.018615041,1.022338049,1,1.001655629,1.005794702,1.015728477,1.00910596,1,1.000377881,1.001637486,1.000377881,1.000881723,1,1.004826678,1.007605675,1.009507094,1.01126225,1,1.010957324,1.015186467,1.022106882,1.024413687,1,1.002724796,1.012715713,1.016348774,1.011807448,1,1.013474331,1.021149582,1.026948661,1.031894934,1,1.009367681,1.014637002,1.019320843,1.023419204,1,1.000468604,1.003397376,1.004217432,1.008552015,1,0.994150679,0.990875058,0.988067384,0.985493683,1,1.01475827,1.023070399,1.029516539,1.034435963,1,1.013986014,1.020979021,1.026223776,1.02972028,1,1.009148813,1.014128547,1.014939201,1.016097279,1,0.99912797,0.995639852,0.995203837,0.99324177
Beef broth,1,1.006546855,1.008985879,1.010397946,1.010269576,1,1.007330138,1.009867494,1.010290386,1.011277136,1,1.008199581,1.015352408,1.017445918,1.017620377,1,1.027861446,1.033885542,1.03313253,1.038403614,1,1.005234934,1.006128703,1.009065373,1.008299285,1,1.005364958,1.007623888,1.009035719,1.010306367,1,1.007210693,1.010024622,1.01248681,1.012135069,1,1.00636436,1.007159905,1.012728719,1.005568815,1,1.016123499,1.024871355,1.029331046,1.032933105,1,1.013221154,1.021634615,1.027644231,1.03125,1,1.009652752,1.014165726,1.019054782,1.023567757,1,1,0.997502082,0.996946989,0.997224535,1,1.01283567,1.019084614,1.024151326,1.028711366,1,1.009994121,1.015285126,1.019988242,1.023515579,1,1.009084213,1.009575252,1.012767002,1.015344955,1,1.000261849,1.000261849,1.001309243,1.002094789
Chicken broth,1,1.010052169,1.008525258,1.009924927,1.01246978,1,1.00460268,1.005008799,1.006091783,1.006904021,1,1,1.005367009,1.00789266,1.010891871,1,1.010067114,1.017337808,1.026845638,1.018456376,1,1.007464575,1.008476721,1.009362348,1.008223684,1,1.004214075,1.005197359,1.006321113,1.006461582,1,1.007012623,1.011220196,1.014901823,1.01700561,1,1.015838733,1.016558675,1.018718503,1.030237581,1,1.010707171,1.015562749,1.021289841,1.025522908,1,1.014550265,1.022486772,1.031305115,1.036155203,1,1.018322083,1.023143684,1.030858245,1.033751205,1,1.000784109,0.998170413,0.998170413,0.997909043,1,1.012896985,1.019345478,1.024181847,1.02853458,1,1.013053348,1.020998865,1.026106697,1.031214529,1,1.012424565,1.018459354,1.024020826,1.028872323,1,0.998184647,0.998962656,1.000259336,1.00129668
Tomato paste (diluted half with water),1,1.001530027,1.00114752,1.000510009,1.002805049,1,1.006333122,1.009499683,1.01139962,1.014407853,1,1.012456747,1.020299885,1.023298731,1.028143022,1,1.014366021,1.015115553,1.026358526,1.028357277,1,1,0.999317033,0.99959022,0.999453627,1,1.005456786,1.008625242,1.010561521,1.012673825,1,1.016492147,1.020680628,1.02565445,1.029319372,1,1.019328307,1.018642906,1.019602467,1.023714873,1,1.01292517,1.018707483,1.021938776,1.025170068,1,1.010832383,1.014823261,1.016533637,1.018814139,1,1.004955094,1.006710024,1.005058326,1.00640033,1,0.997297297,0.993799682,0.990937997,0.987122417,1,1.012284483,1.019181034,1.023491379,1.028017241,1,1.011003236,1.017475728,1.021359223,1.024595469,1,1.004231312,1.008245633,1.009330585,1.011283498,1,0.998264984,0.996845426,0.996687697,0.99511041
Soy bean milk,1,1.017315354,1.022678517,1.024517315,1.026815814,1,1.021198639,1.028264852,1.032190526,1.035854488,1,1.027927487,1.027437531,1.035276825,1.038706516,1,0.987125845,0.983263598,1.022851625,0.991953653,1,1.006195604,1.007818262,1.007965777,1.012538723,1,1.008198641,1.011712345,1.013820567,1.016163036,1,1.004655099,1.009310199,1.009310199,1.013118917,1,0.992009132,0.978881279,0.986015982,1.011700913,1,1.021645022,1.027639028,1.031968032,1.034965035,1,1.006002401,1.007202881,1.008003201,1.008403361,1,1.000512558,0.997437212,1,0.997437212,1,1.001750292,1,0.999416569,0.998249708,1,1.007769784,1.011510791,1.014100719,1.015539568,1,1.000370645,1.000370645,1.000370645,1.000370645,1,0.998498498,0.994494494,0.994994995,0.995495495,1,0.998835178,0.996505533,0.997087944,0.996505533
Tap water,1,1.000696864,1.002090592,1.007665505,1.009756098,1,1.002634468,1.003293085,1.009879254,1.01273326,1,0.976464938,0.995196926,1.036503362,1.018731988,1,1.020172911,1.426512968,1.043227666,1.447097571,1,1.013133208,1.019230769,1.024390244,1.025797373,1,1.012942577,1.019488248,1.025885153,1.027967867,1,1.016219795,1.022178087,1.035749752,1.026812314,1,1.198865532,1.230563897,1.185852519,1.052385719,1,0.99254386,0.99122807,0.986842105,0.985087719,1,0.991121495,0.990186916,0.985046729,0.98317757,1,0.991025035,0.991025035,0.984411904,0.981577704,1,0.990930788,0.991408115,0.986634845,0.987112172,1,0.997772829,0.996288048,0.994060876,0.994803267,1,0.998348472,0.995871181,0.992568126,0.993393889,1,0.997481108,0.994962217,0.993282955,0.993282955,1,0.999151104,0.995755518,0.992359932,0.991511036
,,,,,,,,,,,,,,,,,,,,,,,,,,,,,,,,,,,,,,,,,,,,,,,,,,,,,,,,,,,,,,,,,,,,,,,,,,,,,,,,
,,,,,,,,,,,,,,,,,,,,,,,,,,,,,,,,,,,,,,,,,,,,,,,,,,,,,,,,,,,,,,,,,,,,,,,,,,,,,,,,
,,,,,,,,,,,,,,,,,,,,,,,,,,,,,,,,,,,,,,,,,,,,,,,,,,,,,,,,,,,,,,,,,,,,,,,,,,,,,,,,
Ricin (+) - Ricin (-),,,,,,,,,,,,,,,,,,,,,,,,,,,,,,,,,,,,,,,,,,,,,,,,,,,,,,,,,,,,,,,,,,,,,,,,,,,,,,,,
,PA,,,,,,,,,,,,,,,,,,,,,,,,,,,,,,,,,,,,,,,,Z,,,,,,,,,,,,,,,,,,,,,,,,,,,,,,,,,,,,,,,
,,,,,,,,,,,,,,,,,,,,,with ricin,,,,,,,,,,,,,,,,,,,,without ricin,,,,,,,,,,,,,,,,,,,,with ricin,,,,,,,,,,,,,,,,,,,
,100Hz,,,,,400Hz,,,,,1kHz,,,,,10kHz,,,,,100Hz,,,,,400Hz,,,,,1kHz,,,,,10kHz,,,,,100Hz,,,,,400Hz,,,,,1kHz,,,,,10kHz,,,,,100Hz,,,,,400Hz,,,,,1kHz,,,,,10kHz,,,,
,0min,5min,10min,15min,20min,0min,5min,10min,15min,20min,0min,5min,10min,15min,20min,0min,5min,10min,15min,20min,0min,5min,10min,15min,20min,0min,5min,10min,15min,20min,0min,5min,10min,15min,20min,0min,5min,10min,15min,20min,0min,5min,10min,15min,20min,0min,5min,10min,15min,20min,0min,5min,10min,15min,20min,0min,5min,10min,15min,20min,0min,5min,10min,15min,20min,0min,5min,10min,15min,20min,0min,5min,10min,15min,20min,0min,5min,10min,15min,20min
Yoghurt (diluted half with water),0,0.001893854,0.002322299,0.00562771,0.003038746,0,0.000517183,0.000991862,0.001908162,0.000991862,0,0.004853682,0.005662413,0.010904839,0.007680983,0,0.010581313,0.001707601,-0.011564088,-0.012050485,,,,,,,,,,,,,,,,,,,,,0,-0.000956839,-0.001959439,-0.001799089,-0.002084923,0,-0.00038238,-0.000767815,-0.001546319,-0.001544792,0,-5.63467E-07,-5.63467E-07,-0.000529377,0.000531631,0,-0.003241708,-0.004536916,-0.003893001,-0.003878246,,,,,,,,,,,,,,,,,,,,
Cream,0,0.001475924,-0.001574187,-0.001616974,-0.003841905,0,-0.006890223,-0.013396359,-0.020128979,-0.027367099,0,-0.014874166,-0.021114485,-0.024202434,-0.032976965,0,-0.059198043,-0.054005657,-0.084479439,-0.060905327,,,,,,,,,,,,,,,,,,,,,0,0.002446521,0.004783442,0.005066922,0.006024352,0,0.005123594,0.010213935,0.015088424,0.019801024,0,0.007718772,0.014628103,0.020691503,0.029388641,0,0.016745631,0.026322334,0.033141187,0.045245419,,,,,,,,,,,,,,,,,,,,
Milk 0% fat,0,0.003375603,0.004157092,0.003413768,0.002832856,0,0.003297352,0.004783949,0.00575642,0.005616964,0,0.004556478,0.004635497,0.003326706,0.003208946,0,-0.006281105,-0.007165811,0.014261864,0.003329331,,,,,,,,,,,,,,,,,,,,,0,0.00718515,0.010382524,0.013590274,0.014192616,0,0.003181558,0.005424836,0.00683304,0.007406172,0,0.001950585,0.001170531,0.003034544,0.004378221,0,0.00435768,0.005231037,0.002618554,0.005232555,,,,,,,,,,,,,,,,,,,,
Milk 1% fat,0,-0.002299864,-0.000397734,-0.004463326,-0.002969226,0,-0.002007803,-0.002388718,-0.003113985,-0.003121297,0,-5.43846E-05,-0.00151023,-0.004046186,-0.005710092,0,-0.01501582,-0.002178694,-0.011502211,-0.012647634,,,,,,,,,,,,,,,,,,,,,0,-0.003862413,-0.005671784,-0.004697093,-0.005542435,0,-0.003003237,-0.004139679,-0.004161707,-0.003440793,0,0.002424614,0.001205867,0.000605694,1.8399E-06,0,-0.000153752,-0.001111685,-0.001992742,-0.00113731,,,,,,,,,,,,,,,,,,,,
Milk 2% fat,0,0.001099513,0.000817096,0.000673568,0.00164695,0,0.003967422,0.00774516,0.009423601,0.010949406,0,-0.003613672,0.009396844,0.012399065,0.010634354,0,0.027061299,0.02278652,0.030967845,0.027230355,,,,,,,,,,,,,,,,,,,,,0,0.000508353,0.000957048,0.001004306,-0.000272743,0,-0.005084135,-0.007049275,-0.009387343,-0.01037868,0,-0.009132772,-0.012417591,-0.015702409,-0.017687683,0,-0.004993297,-0.014329224,-0.019409664,-0.02112493,,,,,,,,,,,,,,,,,,,,
Milk 3.4% fat,0,0.004725189,0.005905513,0.004930384,0.005963898,0,0.00423229,0.004402992,0.004078677,0.004149803,0,0.008687665,0.00566638,0.00328385,0.012225319,0,-0.010771033,-0.01339534,-0.017807955,-0.003266807,,,,,,,,,,,,,,,,,,,,,0,0.000612726,-0.000812127,-0.001748221,-0.002545943,0,-0.003741837,-0.005146989,-0.007012672,-0.00747582,0,-0.002624482,-0.003269653,-0.00524546,-0.004586274,0,-0.003972545,-0.007171733,-0.005508684,-0.005482245,,,,,,,,,,,,,,,,,,,,
Half and half,0,-0.005757669,-0.003878782,-0.004006468,-0.004295152,0,-0.016390198,-0.012170045,-0.014029583,-0.012097748,0,-0.034359326,-0.027230465,-0.03389246,-0.032627086,0,-0.061617121,-0.058523777,-0.077582646,-0.068550146,,,,,,,,,,,,,,,,,,,,,0,-0.005643056,-0.008527741,-0.013626139,-0.015776696,0,0.000189455,-0.007228858,-0.011196522,-0.01450646,0,0.009891209,-0.002505849,-0.005825588,-0.006891018,0,0.026617827,0.01001221,0.005647131,-0.001037851,,,,,,,,,,,,,,,,,,,,
Apple juice,0,0.0042412,0.005486394,0.010542505,0.012428729,0,0.004542175,0.010550833,0.017146601,0.02288362,0,-0.000322915,0.00710414,0.015672933,0.025329643,0,-0.012440863,-0.02569519,-0.043135173,-0.051204567,,,,,,,,,,,,,,,,,,,,,0,0.016312086,0.0245746,0.028377851,0.030918018,0,0.013940575,0.017349209,0.017499416,0.015835886,0,0.013631518,0.01762509,0.012437788,0.01040816,0,0.020440221,0.021367005,0.015463033,0.01010998,,,,,,,,,,,,,,,,,,,,
Cranberry juice,0,0.001647129,0.0267642,0.022192803,0.018444969,0,0.003205454,0.043278722,0.035674101,0.030407101,0,-0.001135424,0.051738211,0.031468299,0.042948522,0,0.09929363,0.12163386,0.083899393,0.174559328,,,,,,,,,,,,,,,,,,,,,0,-0.005821038,-0.02998895,-0.034950275,-0.037739833,0,-0.008588135,-0.054537624,-0.055604724,-0.056155719,0,-0.007457513,-0.059805816,-0.059642528,-0.058448623,0,-0.007957786,-0.060662806,-0.062875425,-0.058485953,,,,,,,,,,,,,,,,,,,,
Grape juice,0,0.00892358,0.010250416,0.012242523,0.013296458,0,0.008377974,0.014206597,0.018460125,0.021909969,0,-0.00271406,0.003477254,0.017877342,0.023025671,0,-0.01855405,-0.050131656,-0.012284001,-0.000616485,,,,,,,,,,,,,,,,,,,,,0,0.002022971,0.004953986,0.005360198,0.006777948,0,-0.000765438,-0.001878637,-0.003617445,-0.00500849,0,-0.001136338,-0.004558824,-0.006458515,-0.007980006,0,-0.002052655,-0.004807696,-0.008508311,-0.010117361,,,,,,,,,,,,,,,,,,,,
Tomato juice,0,-0.004093192,0.000220908,0.001093073,-0.000387311,0,-0.000617945,-0.00011971,0.000936887,-0.000149774,0,0.002160797,-0.002085377,-0.003054396,-0.002238602,0,0.004387973,0.010912698,0.009691697,0.010302198,,,,,,,,,,,,,,,,,,,,,0,-0.002854184,-0.002938593,-0.003139262,-0.001633444,0,-0.004540666,-0.004350975,-0.005001175,-0.003061311,0,-0.006847628,-0.009162038,-0.008685932,-0.006922812,0,-0.004935718,-0.006042574,-0.007648308,-0.008689704,,,,,,,,,,,,,,,,,,,,
Orange juice,0,-0.005476278,-0.006663233,-0.005269083,-0.004294045,0,-0.008882661,-0.01093367,-0.008840365,-0.006271255,0,-0.011530175,-0.016572584,-0.015779303,-0.01181639,0,0.0027103,-0.007744176,0.016771868,0.004827799,,,,,,,,,,,,,,,,,,,,,0,-0.002974973,-0.006147195,-0.005274509,-0.004612541,0,0.005321922,0.004355313,0.00351709,0.002291852,0,0.008899222,0.012282276,0.007217608,0.006106444,0,0.016888235,0.016888235,0.014189189,0.011486486,,,,,,,,,,,,,,,,,,,,
Vege soup,0,0.002137842,0.000500879,0.002892559,0.002137145,0,0.001698844,0.001820079,0.002963904,0.003238911,0,-0.001835954,-0.001783637,-0.003491841,-0.002075638,0,-0.001069167,-0.006921011,-0.000620297,-0.002701488,,,,,,,,,,,,,,,,,,,,,0,-0.001283939,-0.001920817,-0.002567878,-0.002541028,0,-0.004618332,-0.006342019,-0.006902933,-0.006301076,0,-0.008680209,-0.010731171,-0.010721769,-0.007545264,0,-0.004977292,-0.004764793,-0.007136453,-0.007748087,,,,,,,,,,,,,,,,,,,,
Beef broth,0,0.001311921,0.002857177,0.001332573,0.001970291,0,0.00196518,0.002243605,0.001254667,0.000970768,0,0.000988888,0.005327786,0.004959108,0.005485308,0,0.021497086,0.026725638,0.020403811,0.0328348,,,,,,,,,,,,,,,,,,,,,0,0.003287829,0.005786741,0.005179721,0.004221738,0,0.003227033,0.006349489,0.007655989,0.007734421,0,0.000568539,0.004590475,0.00628778,0.008222803,0,-0.000261849,-0.002759767,-0.004362255,-0.004870254,,,,,,,,,,,,,,,,,,,,
Chicken broth,0,0.002587595,4.8537E-05,0.000562579,0.004246096,0,0.000388605,-0.00018856,-0.00022933,0.000442439,0,-0.007012623,-0.005853188,-0.007009163,-0.00611374,0,-0.005771619,0.000779132,0.008127135,-0.011781205,,,,,,,,,,,,,,,,,,,,,0,-0.002189814,-0.003782729,-0.002892007,-0.003011672,0,0.001496916,0.001487908,0.005198418,0.004940674,0,0.005897518,0.00468433,0.006837419,0.004878883,0,0.002599461,-0.000792243,-0.002088923,-0.003387637,,,,,,,,,,,,,,,,,,,,
Tomato paste (diluted half with water),0,0.001530027,0.001830487,0.000919789,0.003351423,0,0.000876336,0.000874441,0.000838099,0.001734028,0,-0.004035399,-0.000380744,-0.002355719,-0.00117635,0,-0.004962286,-0.003527353,0.006756058,0.004642404,,,,,,,,,,,,,,,,,,,,,0,0.000640687,-0.000473551,-0.001552604,-0.002847173,0,-0.000170853,-0.002652467,-0.004825586,-0.00578133,0,0.000723783,-0.001535609,-0.004272259,-0.004883168,0,-0.000967687,-0.003045744,-0.0057497,-0.007987994,,,,,,,,,,,,,,,,,,,,
Soy bean milk,0,0.01111975,0.014860254,0.016551539,0.014277091,0,0.012999998,0.016552507,0.018369959,0.019691453,0,0.023272387,0.018127332,0.025966626,0.0255876,0,-0.004883288,0.00438232,0.036835644,-0.01974726,,,,,,,,,,,,,,,,,,,,,0,0.013875237,0.016128236,0.017867313,0.019425467,0,0.005631756,0.006832236,0.007632556,0.008032716,0,0.002014059,0.002942717,0.005005005,0.001941716,0,0.002915114,0.003494467,0.002328625,0.001744175,,,,,,,,,,,,,,,,,,,,
Tap water,0,-0.012436344,-0.017140177,-0.016724739,-0.016041276,0,-0.010308109,-0.016195163,-0.0160059,-0.015234607,0,-0.039754857,-0.026981161,0.00075361,-0.008080325,0,-0.178692622,0.195949071,-0.142624853,0.394711852,,,,,,,,,,,,,,,,,,,,,0,-0.005228969,-0.005059977,-0.007218771,-0.009715547,0,-0.007226977,-0.005684265,-0.007521397,-0.010216319,0,-0.006456073,-0.003937181,-0.008871052,-0.011705251,0,-0.008220316,-0.004347403,-0.005725087,-0.004398864,,,,,,,,,,,,,,,,,,,,